{"cameraMode":{"drawMode":0,"name":"Shaded","section":"Shading Mode"},"sceneLighting":true,"audioPlay":false,"sceneViewState":{"showFog":true,"showMaterialUpdate":false,"showSkybox":true,"showFlares":true,"showImageEffects":true,"showParticleSystems":true},"in2DMode":false,"pivot":{"x":-2.1950817108154299,"y":-3.889852523803711,"z":-6.334048271179199},"rotation":{"x":0.19002383947372437,"y":-0.8099963068962097,"z":0.3885795772075653,"w":0.39605963230133059},"size":41.28075408935547,"orthographic":false}