{"cameraMode":{"drawMode":0,"name":"Shaded","section":"Shading Mode"},"sceneLighting":true,"audioPlay":false,"sceneViewState":{"showFog":true,"showMaterialUpdate":false,"showSkybox":true,"showFlares":true,"showImageEffects":true,"showParticleSystems":true},"in2DMode":false,"pivot":{"x":22.966569900512697,"y":14.080179214477539,"z":2.604172706604004},"rotation":{"x":0.006652959156781435,"y":-0.6461976766586304,"z":-0.005592742003500462,"w":-0.763187050819397},"size":72.2042236328125,"orthographic":false}